,feature,global_accuracy,true_positive_rate,true_negative_rate,positive_predictive_value,true_positives,true_negatives,false_positives,false_negatives,mean_quantile_score
0,n4,0.8975186947654656,0.2084051724137931,0.9850060194812301,0.6382838283828383,967,36000,548,3673,0.7916666666666666
1,c8_yes,0.897421579100709,0.19267241379310346,0.9868939476852359,0.651128914785142,894,36069,479,3746,0.7833333333333333
2,month_mar,0.8874915023793338,0.059482758620689656,0.9926124548538908,0.5054945054945055,276,36278,270,4364,0.7541666666666667
3,i5,0.8740895406429057,0.47607758620689655,0.9246196782313669,0.4450040290088638,2209,33793,2755,2431,0.7374999999999999
4,month_dec,0.8872487132174419,0.01918103448275862,0.9974554011163401,0.489010989010989,89,36455,93,4551,0.7291666666666666
5,month_sep,0.8859376517432261,0.05517241379310345,0.9914085586078581,0.44912280701754387,256,36234,314,4384,0.7208333333333333
6,month_oct,0.8852092842575507,0.06788793103448276,0.988973404837474,0.4387186629526462,315,36145,403,4325,0.7166666666666667
7,i3,0.8778527726522288,0.24116379310344827,0.9586844697384261,0.42563712438189427,1119,35038,1510,3521,0.7125
8,i2,0.8755705545304457,0.21530172413793103,0.9593958629747181,0.4023358840112767,999,35064,1484,3641,0.7
9,age,0.8827328348062542,0.09590517241379311,0.9826255882674838,0.41203703703703703,445,35913,635,4195,0.7
10,school_0 - none,0.8871030397203069,0.0008620689655172414,0.999616942103535,0.2222222222222222,4,36534,14,4636,0.675
11,employment_student,0.8794551811207147,0.059267241379310345,0.9835832330086461,0.3142857142857143,275,35948,600,4365,0.6708333333333334
12,n6,0.8235651160532194,0.3230603448275862,0.8871073656561235,0.2664888888888889,1499,32422,4126,3141,0.6541666666666666
13,employment_leisure,0.8666601922890163,0.0935344827586207,0.9648133960818649,0.25232558139534883,434,35262,1286,4206,0.6458333333333333
14,i4,0.7199184228416043,0.7114224137931034,0.7209970449819415,0.24455474885168174,3301,26351,10197,1339,0.6395833333333333
15,i1,0.7197970282606584,0.7114224137931034,0.720860238590347,0.24446419314226467,3301,26346,10202,1339,0.6270833333333333
16,month_apr,0.8496163931242109,0.11616379310344828,0.942732844478494,0.2047872340425532,539,34455,2093,4101,0.6125
17,employment_none,0.8697193357288531,0.03103448275862069,0.976195687862537,0.14201183431952663,144,35678,870,4496,0.5916666666666667
18,c8_no,0.8134893658347091,0.13038793103448276,0.9002134179708876,0.1422859830667921,605,32901,3647,4035,0.5791666666666666
19,c4_new,0.4396911721860736,0.8303879310344827,0.39008974499288607,0.14737607099143207,3853,14257,22291,787,0.5708333333333333
20,c4_old,0.4396911721860736,0.8303879310344827,0.39008974499288607,0.14737607099143207,3853,14257,22291,787,0.5708333333333333
21,marriage-status_single,0.6851510148586967,0.34913793103448276,0.7278100032833534,0.1400414937759336,1620,26600,9948,3020,0.5583333333333333
22,employment_assistant,0.6999611537340973,0.2913793103448276,0.7518332056473679,0.12972558050278257,1352,27478,9070,3288,0.5458333333333333
23,school_5 - a lot,0.6730115567641061,0.3599137931034483,0.7127613002079457,0.13724523339907954,1670,26050,10498,2970,0.5416666666666666
24,c3_False,0.299941730601146,0.9045258620689656,0.2231859472474554,0.12878973855406897,4197,8157,28391,443,0.5395833333333333
25,n5,0.8564387685733709,0.045689655172413794,0.9593685016963992,0.1249263406010607,212,35063,1485,4428,0.5375
26,marriage-status_married,0.594930562299699,0.4543103448275862,0.6127831892306008,0.12964329643296432,2108,22396,14152,2532,0.5333333333333333
27,dow_thu,0.7287316694182772,0.2252155172413793,0.7926562328992011,0.12118752174417256,1045,28970,7578,3595,0.5291666666666667
28,c3_unknown,0.2998688938525784,0.9045258620689656,0.22310386341249863,0.1287778834647602,4197,8154,28394,443,0.5270833333333333
29,employment_laborer,0.3063513644750898,0.8625,0.2357447739958411,0.1253209745099267,4002,8616,27932,638,0.525
30,dow_tue,0.7372050111683014,0.20538793103448275,0.8047225566378461,0.11779975278121137,953,29411,7137,3687,0.5208333333333334
31,month_may,0.40392832863940953,0.809051724137931,0.3524953485826858,0.13691236004230642,3754,12883,23665,886,0.5125
32,dow_wed,0.7359425075264641,0.20452586206896553,0.8034092152785378,0.11667076469141874,949,29363,7185,3691,0.5
33,b1_yes,0.4852384189569778,0.540301724137931,0.47824778373645616,0.11619391916944753,2507,17479,19069,2133,0.4708333333333333
34,b1_no,0.46639797999417304,0.5633620689655172,0.4540877749808471,0.11583798635114774,2614,16596,19952,2026,0.4541666666666667
35,n3,0.8162086044478974,0.09267241379310345,0.9080661048484185,0.11345646437994723,430,33188,3360,4210,0.4416666666666667
36,school_3 - a bit more,0.23645236476643683,0.8980603448275862,0.1524570427930393,0.11857268872890761,4167,5572,30976,473,0.4375
37,n2,0.218801592696902,0.934051724137931,0.1279960599759221,0.11971052922329024,4334,4678,31870,306,0.4375
38,month_jul,0.2553170826454307,0.8601293103448275,0.17853234103097296,0.11733403892514847,3991,6525,30023,649,0.43749999999999994
39,dow_mon,0.2782363795280179,0.8174568965517242,0.2097789208711831,0.1160861847340393,3793,7667,28881,847,0.4125
40,school_4 - average amount,0.29360493347576966,0.777801724137931,0.23213308525774323,0.11394563192624634,3609,8484,28064,1031,0.4041666666666667
41,employment_unknown,0.5763571914149752,0.4036637931034483,0.5982817117215716,0.11313802476593174,1873,21866,14682,2767,0.4
42,employment_customer service,0.19333300961445082,0.9303879310344828,0.09975922075079348,0.11598914532899864,4317,3646,32902,323,0.37500000000000006
43,school_5 - a decent amount,0.5552345343303875,0.4107758620689655,0.5735744773995841,0.10897032759704992,1906,20963,15585,2734,0.37083333333333335
44,dow_fri,0.26160532193842867,0.8176724137931034,0.1910090839444019,0.11372560774557118,3794,6981,29567,846,0.36250000000000004
45,employment_management,0.4312906671846169,0.5762931034482759,0.41288168983254897,0.11080722691861429,2674,15090,21458,1966,0.36250000000000004
46,school_2 - a little bit,0.1591725745362727,0.9594827586206897,0.05756812958301412,0.11445907034142329,4452,2104,34444,188,0.3583333333333333
47,month_aug,0.23084393512673596,0.8588362068965517,0.15111634015541206,0.1138246215367038,3985,5523,31025,655,0.35
48,month_nov,0.19202194814023502,0.9103448275862069,0.10082631060523148,0.11389435651306387,4224,3685,32863,416,0.35
49,marriage-status_divorced,0.20151500437020492,0.8974137931034483,0.11316624712706577,0.11384514435695538,4164,4136,32412,476,0.3458333333333333
50,employment_engineer,0.2409196853452462,0.8426724137931034,0.16452336653168437,0.11351429815648134,3910,6013,30535,730,0.3458333333333333
51,school_1 - almost none,0.19326017286588326,0.9077586206896552,0.10255007113932363,0.11380092942829352,4212,3748,32800,428,0.3416666666666667
52,month_jun,0.21462561911236283,0.8795258620689655,0.13021232351975484,0.11377195427934207,4081,4759,31789,559,0.3416666666666667
53,b2_no,0.25002427891618917,0.8297413793103449,0.17642552260041588,0.1134020618556701,3850,6448,30100,790,0.3333333333333333
54,employment_hobbyist,0.14198310187433233,0.9732758620689655,0.03644522272080552,0.11366153226618343,4516,1332,35216,124,0.325
55,b1_-1,0.2777993590366126,0.7829741379310344,0.21366422239247018,0.11222661559372298,3633,7809,28739,1007,0.32083333333333336
56,b2_yes,0.23118383995338448,0.852801724137931,0.15226551384480683,0.11325128792215226,3957,5565,30983,683,0.3208333333333333
57,employment_cleaner,0.13324269204622705,0.9771551724137931,0.0261026595162526,0.1129884370015949,4534,954,35594,106,0.28750000000000003
58,employment_self-employed,0.13991939399825193,0.9678879310344828,0.034803546021670136,0.11293283375663238,4491,1272,35276,149,0.2833333333333333
59,c3_True,0.11272700786636884,1.0,8.208383495676918e-05,0.11266237707903363,4640,3,36545,0,0.27499999999999997
